{
    "TSLA": {
        "ADF_Close_p_val": 0.7270419411549222,
        "ADF_Close_Stationary": false,
        "ADF_Returns_p_val": 0.0,
        "ADF_Returns_Stationary": true,
        "Value_at_Risk_95": 0.051663755152845575,
        "Value_at_Risk_99": 0.08990644871169305,
        "Conditional_VaR_95": 0.07862087645673846,
        "Conditional_VaR_99": 0.12499351214358385,
        "Max_Drawdown": -0.736322174421912,
        "Sharpe_Ratio": 0.7944370048126024,
        "Sortino_Ratio": 0.8319330197195187,
        "Skewness": 0.2932914316160182,
        "Kurtosis": 4.457180853189487,
        "Jarque_Bera_stat": 2431.159614629439,
        "Jarque_Bera_p_val": 0.0,
        "Jarque_Bera_normal": false,
        "Num_Outliers_3std": 46
    },
    "BND": {
        "ADF_Close_p_val": 0.7219181293441828,
        "ADF_Close_Stationary": false,
        "ADF_Returns_p_val": 5.5681172301466985e-28,
        "ADF_Returns_Stationary": true,
        "Value_at_Risk_95": 0.004756262393956222,
        "Value_at_Risk_99": 0.008616005334702952,
        "Conditional_VaR_95": 0.0074288046637059554,
        "Conditional_VaR_99": 0.013052344629055874,
        "Max_Drawdown": -0.1858208493394449,
        "Sharpe_Ratio": 0.37558726929488817,
        "Sortino_Ratio": 0.35465864173965506,
        "Skewness": -0.916679484966409,
        "Kurtosis": 36.42570857048488,
        "Jarque_Bera_stat": 160011.18708651935,
        "Jarque_Bera_p_val": 0.0,
        "Jarque_Bera_normal": false,
        "Num_Outliers_3std": 33
    },
    "SPY": {
        "ADF_Close_p_val": 0.9966585446317309,
        "ADF_Close_Stationary": false,
        "ADF_Returns_p_val": 4.04632098400437e-30,
        "ADF_Returns_Stationary": true,
        "Value_at_Risk_95": 0.016650186368409127,
        "Value_at_Risk_99": 0.031712479476497635,
        "Conditional_VaR_95": 0.026828226981344017,
        "Conditional_VaR_99": 0.04630521365893498,
        "Max_Drawdown": -0.3371727597411497,
        "Sharpe_Ratio": 0.8174625111449577,
        "Sortino_Ratio": 0.7726918000876245,
        "Skewness": -0.30772662248618654,
        "Kurtosis": 13.998623952802223,
        "Jarque_Bera_stat": 23618.09654003253,
        "Jarque_Bera_p_val": 0.0,
        "Jarque_Bera_normal": false,
        "Num_Outliers_3std": 39
    }
}