,ARIMA,LSTM
MAE,54.44118233137233,352.5978427718389
RMSE,70.53934610418263,358.159963876096
MAPE,17.24065341047724,94.46920764262289
