,ARIMA,LSTM
MAE,54.44118233137233,359.01351958059735
RMSE,70.53934610418263,364.6123857607211
MAPE,17.24065341047724,96.20832088991101
